timeStamp,elapsed,label,responseCode,responseMessage,threadName,dataType,success,failureMessage,bytes,sentBytes,grpThreads,allThreads,Latency,IdleTime,Connect
1486139335457,3635,Autenticação - Pagina Inicial,200,OK,For Each User 1-1,text,true,,16258,606,1,1,3416,0,621
1486139339111,171,Autenticação - Post AD FS,200,OK,For Each User 1-1,text,true,,8994,2613,1,1,79,0,0
1486139339323,6814,Autenticação - Post Home PGD,200,OK,For Each User 1-1,text,true,,9697,7957,1,1,117,0,29
1486139346138,122,Autenticação - Seleção de Perfil,200,OK,For Each User 1-1,text,true,,8731,1774,1,1,80,0,0
1486139346260,62,Open Atividade Page,200,OK,For Each User 1-1,text,true,,7201,2719,1,1,21,0,3
1486139348915,74,Post Atividade,200,OK,For Each User 1-1,text,false,Test failed: text expected to contain /sucesso!/,7201,2879,1,1,13,0,4
1486139475247,3552,Autenticação - Pagina Inicial,200,OK,For Each User 1-1,text,true,,16258,606,1,1,3373,0,81
1486139478800,122,Autenticação - Post AD FS,200,OK,For Each User 1-1,text,true,,8974,2593,1,1,66,0,0
1486139478926,4868,Autenticação - Post Home PGD,200,OK,For Each User 1-1,text,true,,9697,7971,1,1,98,0,21
1486139483794,87,Autenticação - Seleção de Perfil,200,OK,For Each User 1-1,text,true,,8731,1774,1,1,56,0,0
1486139483881,912,Open Atividade Page,200,OK,For Each User 1-1,text,true,,12919,921,1,1,912,0,0
1486139489283,1414,Post Atividade,200,OK,For Each User 1-1,text,true,,12216,2401,1,1,1166,0,5
1486139737587,1726,Post Atividade,200,OK,For Each User 1-1,text,true,,15569,2401,10,10,1271,0,108
1486139738186,1148,Post Atividade,200,OK,For Each User 1-7,text,true,,15569,2401,10,10,698,0,127
1486139737629,1738,Post Atividade,200,OK,For Each User 1-2,text,true,,15569,2401,10,10,1228,0,65
1486139737485,1896,Post Atividade,200,OK,For Each User 1-4,text,true,,15569,2401,10,10,1502,0,10
1486139738341,1079,Post Atividade,200,OK,For Each User 1-3,text,true,,16683,2401,10,10,544,0,9
1486139739026,414,Post Atividade,200,OK,For Each User 1-9,text,true,,17797,2401,10,10,341,0,43
1486139739279,174,Post Atividade,200,OK,For Each User 1-10,text,true,,17797,2401,10,10,133,0,49
1486139739456,78,Post Atividade,200,OK,For Each User 1-8,text,true,,18913,2401,10,10,37,0,11
1486139739827,76,Post Atividade,200,OK,For Each User 1-5,text,true,,20029,2401,10,10,41,0,11
1486139740532,107,Post Atividade,200,OK,For Each User 1-6,text,true,,21145,2401,10,10,49,0,12
1486139743204,130,Post Atividade,200,OK,For Each User 1-1,text,true,,22260,2401,10,10,79,0,10
1486139743710,121,Post Atividade,200,OK,For Each User 1-10,text,true,,23376,2401,10,10,64,0,9
1486139743935,103,Post Atividade,200,OK,For Each User 1-4,text,true,,24492,2401,10,10,43,0,9
1486139744427,102,Post Atividade,200,OK,For Each User 1-9,text,true,,25608,2401,10,10,50,0,10
1486139744621,150,Post Atividade,200,OK,For Each User 1-2,text,true,,26724,2401,10,10,47,0,9
1486139744701,142,Post Atividade,200,OK,For Each User 1-3,text,true,,27840,2401,10,10,70,0,13
1486139745210,128,Post Atividade,200,OK,For Each User 1-7,text,true,,28956,2401,10,10,41,0,10
1486139745315,139,Post Atividade,200,OK,For Each User 1-5,text,true,,30072,2401,10,10,63,0,8
1486139745587,128,Post Atividade,200,OK,For Each User 1-8,text,true,,31188,2401,10,10,39,0,13
1486139745915,117,Post Atividade,200,OK,For Each User 1-6,text,true,,32304,2401,10,10,35,0,5
1486139748356,140,Post Atividade,200,OK,For Each User 1-2,text,true,,33420,2401,10,10,62,0,9
1486139748557,114,Post Atividade,200,OK,For Each User 1-1,text,true,,34535,2401,10,10,40,0,8
1486139749000,144,Post Atividade,200,OK,For Each User 1-10,text,true,,35651,2401,10,10,56,0,10
1486139749544,123,Post Atividade,200,OK,For Each User 1-3,text,true,,36767,2401,10,10,53,0,11
1486139750375,194,Post Atividade,200,OK,For Each User 1-4,text,true,,37883,2401,10,10,57,0,12
1486139750478,1234,Post Atividade,200,OK,For Each User 1-9,text,true,,38999,2401,10,10,1076,0,10
1486139750631,1130,Post Atividade,200,OK,For Each User 1-7,text,true,,40115,2401,10,10,947,0,9
1486139751063,755,Post Atividade,200,OK,For Each User 1-6,text,true,,41231,2401,10,10,573,0,5
1486139751414,434,Post Atividade,200,OK,For Each User 1-8,text,true,,43463,2401,10,10,256,0,11
1486139751343,586,Post Atividade,200,OK,For Each User 1-5,text,true,,43463,2401,10,10,328,0,10
1486139752648,192,Post Atividade,200,OK,For Each User 1-2,text,true,,44578,2401,10,10,56,0,10
1486139753702,197,Post Atividade,200,OK,For Each User 1-1,text,true,,45694,2401,9,9,59,0,10
1486139754204,192,Post Atividade,200,OK,For Each User 1-10,text,true,,46810,2401,8,8,38,0,13
1486139754712,163,Post Atividade,200,OK,For Each User 1-3,text,true,,47926,2401,7,7,42,0,8
1486139755975,287,Post Atividade,200,OK,For Each User 1-4,text,true,,50158,2401,6,6,123,0,5
1486139755950,321,Post Atividade,200,OK,For Each User 1-7,text,true,,50158,2401,5,5,138,0,4
1486139756617,276,Post Atividade,200,OK,For Each User 1-8,text,true,,52390,2401,4,4,74,0,10
1486139756635,276,Post Atividade,200,OK,For Each User 1-9,text,true,,52390,2401,3,3,70,0,10
1486139756929,176,Post Atividade,200,OK,For Each User 1-5,text,true,,53506,2401,2,2,49,0,12
1486139757632,183,Post Atividade,200,OK,For Each User 1-6,text,true,,54622,2401,1,1,46,0,19
1486140685188,1086,Post Atividade,200,OK,For Each User 1-29,text,true,,13347,2401,100,100,819,0,9
1486140685529,771,Post Atividade,200,OK,For Each User 1-27,text,true,,13347,2401,100,100,479,0,9
1486140685920,390,Post Atividade,200,OK,For Each User 1-67,text,true,,13347,2401,100,100,202,0,12
1486140685990,358,Post Atividade,200,OK,For Each User 1-90,text,true,,14463,2401,100,100,327,0,21
1486140685970,499,Post Atividade,200,OK,For Each User 1-10,text,true,,17811,2401,100,100,433,0,40
1486140686187,294,Post Atividade,200,OK,For Each User 1-62,text,true,,17811,2401,100,100,218,0,21
1486140686266,228,Post Atividade,200,OK,For Each User 1-94,text,true,,17811,2401,100,100,139,0,24
1486140686370,157,Post Atividade,200,OK,For Each User 1-61,text,true,,18927,2401,100,100,122,0,8
1486140686374,178,Post Atividade,200,OK,For Each User 1-99,text,true,,20043,2401,100,100,150,0,14
1486140686462,140,Post Atividade,200,OK,For Each User 1-69,text,true,,21159,2401,100,100,106,0,13
1486140686597,87,Post Atividade,200,OK,For Each User 1-15,text,true,,22275,2401,100,100,43,0,8
1486140686629,130,Post Atividade,200,OK,For Each User 1-55,text,true,,23390,2401,100,100,76,0,8
1486140686709,104,Post Atividade,200,OK,For Each User 1-37,text,true,,25622,2401,100,100,57,0,9
1486140686712,108,Post Atividade,200,OK,For Each User 1-79,text,true,,25622,2401,100,100,56,0,9
1486140686814,143,Post Atividade,200,OK,For Each User 1-68,text,true,,27854,2401,100,100,73,0,9
1486140686860,123,Post Atividade,200,OK,For Each User 1-71,text,true,,28970,2401,100,100,35,0,11
1486140686870,129,Post Atividade,200,OK,For Each User 1-4,text,true,,28970,2401,100,100,42,0,13
1486140686890,135,Post Atividade,200,OK,For Each User 1-6,text,true,,30086,2401,100,100,64,0,10
1486140686970,179,Post Atividade,200,OK,For Each User 1-88,text,true,,32318,2401,100,100,75,0,11
1486140686955,222,Post Atividade,200,OK,For Each User 1-77,text,true,,33434,2401,100,100,90,0,12
1486140686973,224,Post Atividade,200,OK,For Each User 1-75,text,true,,35666,2401,100,100,121,0,9
1486140687031,215,Post Atividade,200,OK,For Each User 1-34,text,true,,35666,2401,100,100,91,0,15
1486140687037,292,Post Atividade,200,OK,For Each User 1-21,text,true,,36782,2401,100,100,87,0,10
1486140687102,255,Post Atividade,200,OK,For Each User 1-50,text,true,,36782,2401,100,100,97,0,9
1486140687189,228,Post Atividade,200,OK,For Each User 1-7,text,true,,41246,2401,100,100,70,0,15
1486140687137,291,Post Atividade,200,OK,For Each User 1-42,text,true,,41246,2401,100,100,127,0,12
1486140687117,330,Post Atividade,200,OK,For Each User 1-18,text,true,,41246,2401,100,100,146,0,9
1486140687200,264,Post Atividade,200,OK,For Each User 1-44,text,true,,41246,2401,100,100,73,0,10
1486140687307,432,Post Atividade,200,OK,For Each User 1-40,text,true,,49057,2401,100,100,174,0,18
1486140687252,510,Post Atividade,200,OK,For Each User 1-38,text,true,,49057,2401,100,100,234,0,11
1486140687296,507,Post Atividade,200,OK,For Each User 1-53,text,true,,45709,2401,100,100,99,0,9
1486140687364,462,Post Atividade,200,OK,For Each User 1-97,text,true,,49057,2401,100,100,123,0,11
1486140687386,522,Post Atividade,200,OK,For Each User 1-100,text,true,,52405,2401,100,100,126,0,24
1486140687361,564,Post Atividade,200,OK,For Each User 1-16,text,true,,52405,2401,100,100,226,0,11
1486140687385,778,Post Atividade,200,OK,For Each User 1-31,text,true,,55752,2401,100,100,174,0,29
1486140687484,775,Post Atividade,200,OK,For Each User 1-98,text,true,,55752,2401,100,100,181,0,8
1486140687351,1014,Post Atividade,200,OK,For Each User 1-80,text,true,,55752,2401,100,100,314,0,9
1486140687471,933,Post Atividade,200,OK,For Each User 1-85,text,true,,55752,2401,100,100,196,0,9
1486140687510,1094,Post Atividade,200,OK,For Each User 1-70,text,true,,64678,2401,100,100,228,0,28
1486140687499,1107,Post Atividade,200,OK,For Each User 1-47,text,true,,64678,2401,100,100,238,0,7
1486140687467,1160,Post Atividade,200,OK,For Each User 1-8,text,true,,64678,2401,100,100,275,0,13
1486140687754,1432,Post Atividade,200,OK,For Each User 1-17,text,true,,70258,2401,100,100,616,0,21
1486140687536,1651,Post Atividade,200,OK,For Each User 1-58,text,true,,78078,2401,100,100,424,0,6
1486140687663,1532,Post Atividade,200,OK,For Each User 1-11,text,true,,82550,2401,100,100,632,0,7
1486140687870,1420,Post Atividade,200,OK,For Each User 1-59,text,true,,70258,2401,100,100,501,0,17
1486140687530,1760,Post Atividade,200,OK,For Each User 1-36,text,true,,72490,2401,100,100,417,0,10
1486140688078,1445,Post Atividade,200,OK,For Each User 1-89,text,true,,82550,2401,100,100,601,0,8
1486140687703,2079,Post Atividade,200,OK,For Each User 1-60,text,true,,82550,2401,100,100,592,0,12
1486140688120,1664,Post Atividade,200,OK,For Each User 1-91,text,true,,82550,2401,100,100,589,0,12
1486140687733,2055,Post Atividade,200,OK,For Each User 1-24,text,true,,82550,2401,100,100,561,0,17
1486140687711,2338,Post Atividade,200,OK,For Each User 1-52,text,true,,82550,2401,100,100,583,0,34
1486140688372,1692,Post Atividade,200,OK,For Each User 1-22,text,true,,103790,2401,100,100,223,0,23
1486140687723,2515,Post Atividade,200,OK,For Each User 1-5,text,true,,82550,2401,100,100,571,0,26
1486140687515,3415,Post Atividade,200,OK,For Each User 1-57,text,true,,73606,2401,100,100,452,0,23
1486140687783,3147,Post Atividade,200,OK,For Each User 1-86,text,true,,83668,2401,100,100,540,0,17
1486140688391,2545,Post Atividade,200,OK,For Each User 1-63,text,true,,103790,2401,100,100,203,0,15
1486140688087,2948,Post Atividade,200,OK,For Each User 1-25,text,true,,80314,2401,100,100,583,0,9
1486140688043,2993,Post Atividade,200,OK,For Each User 1-20,text,true,,79196,2401,100,100,591,0,16
1486140687861,3357,Post Atividade,200,OK,For Each User 1-74,text,true,,91493,2401,100,100,553,0,14
1486140688189,3033,Post Atividade,200,OK,For Each User 1-1,text,true,,95965,2401,100,100,989,0,20
1486140688821,2403,Post Atividade,200,OK,For Each User 1-95,text,true,,97083,2401,100,100,461,0,28
1486140688748,2537,Post Atividade,200,OK,For Each User 1-3,text,true,,95965,2401,100,100,496,0,6
1486140687904,3707,Post Atividade,200,OK,For Each User 1-19,text,true,,103790,2401,100,100,702,0,15
1486140688649,3444,Post Atividade,200,OK,For Each User 1-13,text,true,,103790,2401,100,100,171,0,7
1486140688642,3456,Post Atividade,200,OK,For Each User 1-41,text,true,,103790,2401,100,100,190,0,13
1486140687936,4166,Post Atividade,200,OK,For Each User 1-73,text,true,,103790,2401,100,100,658,0,10
1486140688684,3494,Post Atividade,200,OK,For Each User 1-84,text,true,,103790,2401,100,100,617,0,5
1486140689058,3125,Post Atividade,200,OK,For Each User 1-2,text,true,,112734,2401,100,100,982,0,11
1486140688215,4195,Post Atividade,200,OK,For Each User 1-43,text,true,,95965,2401,100,100,986,0,65
1486140690355,2061,Post Atividade,200,OK,For Each User 1-87,text,true,,121677,2401,100,100,639,0,17
1486140688313,4120,Post Atividade,200,OK,For Each User 1-56,text,true,,97083,2401,100,100,948,0,15
1486140689116,3321,Post Atividade,200,OK,For Each User 1-45,text,true,,103790,2401,100,100,240,0,20
1486140688033,4406,Post Atividade,200,OK,For Each User 1-23,text,true,,103790,2401,100,100,596,0,11
1486140688065,4376,Post Atividade,200,OK,For Each User 1-46,text,true,,103790,2401,100,100,733,0,8
1486140689157,3464,Post Atividade,200,OK,For Each User 1-64,text,true,,122795,2401,100,100,259,0,22
1486140689385,3286,Post Atividade,200,OK,For Each User 1-33,text,true,,112734,2401,100,100,600,0,43
1486140688802,4146,Post Atividade,200,OK,For Each User 1-81,text,true,,103790,2401,100,100,508,0,9
1486140689112,3842,Post Atividade,200,OK,For Each User 1-48,text,true,,119441,2401,100,100,1527,0,19
1486140688430,4895,Post Atividade,200,OK,For Each User 1-92,text,true,,122795,2401,100,100,1045,0,9
1486140690393,2935,Post Atividade,200,OK,For Each User 1-68,text,true,,122795,2401,100,100,643,0,11
1486140688436,4893,Post Atividade,200,OK,For Each User 1-49,text,true,,120559,2401,100,100,897,0,10
1486140689074,4259,Post Atividade,200,OK,For Each User 1-32,text,true,,121677,2401,100,100,2030,0,12
1486140688951,4947,Post Atividade,200,OK,For Each User 1-12,text,true,,112734,2401,100,100,1169,0,15
1486140688972,4931,Post Atividade,200,OK,For Each User 1-76,text,true,,112734,2401,100,100,1036,0,9
1486140689365,4862,Post Atividade,200,OK,For Each User 1-14,text,true,,112734,2401,100,100,749,0,14
1486140688917,5313,Post Atividade,200,OK,For Each User 1-26,text,true,,122795,2401,100,100,486,0,8
1486140689205,5617,Post Atividade,200,OK,For Each User 1-30,text,true,,121677,2401,100,100,1798,0,33
1486140691060,3770,Post Atividade,200,OK,For Each User 1-50,text,true,,128385,2401,100,100,453,0,55
1486140688600,6252,Post Atividade,200,OK,For Each User 1-72,text,true,,126149,2401,100,100,1032,0,15
1486140688594,6264,Post Atividade,200,OK,For Each User 1-82,text,true,,127267,2401,100,100,1172,0,18
1486140689090,6109,Post Atividade,200,OK,For Each User 1-39,text,true,,133974,2401,100,100,1251,0,6
1486140691987,3213,Post Atividade,200,OK,For Each User 1-15,text,true,,140682,2401,100,100,657,0,75
1486140691983,3238,Post Atividade,200,OK,For Each User 1-67,text,true,,137328,2405,100,100,600,0,57
1486140688597,6681,Post Atividade,200,OK,For Each User 1-28,text,true,,126149,2401,100,100,1040,0,17
1486140689106,6217,Post Atividade,200,OK,For Each User 1-78,text,true,,137328,2401,100,100,1469,0,8
1486140692103,3324,Post Atividade,200,OK,For Each User 1-62,text,true,,140682,2405,100,100,522,0,39
1486140689954,5475,Post Atividade,200,OK,For Each User 1-90,text,true,,140682,2405,100,100,2826,0,21
1486140689049,6383,Post Atividade,200,OK,For Each User 1-9,text,true,,132856,2401,100,100,1037,0,19
1486140689322,6302,Post Atividade,200,OK,For Each User 1-35,text,true,,123913,2401,100,100,281,0,18
1486140688633,7065,Post Atividade,200,OK,For Each User 1-83,text,true,,123913,2401,100,100,907,0,22
1486140692422,3333,Post Atividade,200,OK,For Each User 1-40,text,true,,145153,2401,100,100,482,0,34
1486140691896,3861,Post Atividade,200,OK,For Each User 1-69,text,true,,137328,2405,100,100,634,0,44
1486140690722,5049,Post Atividade,200,OK,For Each User 1-6,text,true,,147389,2401,100,100,2303,0,162
1486140692847,2946,Post Atividade,200,OK,For Each User 1-75,text,true,,148506,2401,100,100,339,0,12
1486140692572,3225,Post Atividade,200,OK,For Each User 1-34,text,true,,147389,2401,100,100,449,0,7
1486140689248,6897,Post Atividade,200,OK,For Each User 1-51,text,true,,122795,2401,100,100,262,0,11
1486140690556,5595,Post Atividade,200,OK,For Each User 1-10,text,true,,122795,2405,100,100,592,0,8
1486140689508,6700,Post Atividade,200,OK,For Each User 1-93,text,true,,154096,2401,100,100,2204,0,10
1486140690847,5781,Post Atividade,200,OK,For Each User 1-7,text,true,,122795,2401,100,100,227,0,37
1486140692518,4113,Post Atividade,200,OK,For Each User 1-79,text,true,,145153,2401,100,100,387,0,14
1486140689325,7307,Post Atividade,200,OK,For Each User 1-65,text,true,,147389,2401,100,100,1909,0,15
1486140692665,3968,Post Atividade,200,OK,For Each User 1-97,text,true,,147389,2401,100,100,520,0,31
1486140688749,7886,Post Atividade,200,OK,For Each User 1-66,text,true,,123913,2401,100,100,772,0,5
1486140689374,7799,Post Atividade,200,OK,For Each User 1-96,text,true,,152978,2401,100,100,2267,0,15
1486140692676,4955,Post Atividade,200,OK,For Each User 1-16,text,true,,148506,2401,100,100,509,0,20
1486140692578,5420,Post Atividade,200,OK,For Each User 1-47,text,true,,147389,2401,100,100,474,0,24
1486140691116,7164,Post Atividade,200,OK,For Each User 1-42,text,true,,160804,2401,100,100,3626,0,41
1486140694241,4042,Post Atividade,200,OK,For Each User 1-52,text,true,,167510,2401,100,100,1422,0,462
1486140692165,6978,Post Atividade,200,OK,For Each User 1-88,text,true,,140682,2401,100,100,474,0,9
1486140691449,7934,Post Atividade,200,OK,For Each User 1-37,text,true,,160804,2401,100,100,3297,0,19
1486140694661,5173,Post Atividade,200,OK,For Each User 1-91,text,true,,167510,2401,100,100,537,0,42
1486140694614,5232,Post Atividade,200,OK,For Each User 1-24,text,true,,167510,2401,100,100,692,0,87
1486140692789,7061,Post Atividade,200,OK,For Each User 1-71,text,true,,167510,2401,100,100,2079,0,8
1486140693261,6606,Post Atividade,200,OK,For Each User 1-77,text,true,,188751,2401,100,100,4614,0,658
1486140691322,8549,Post Atividade,200,OK,For Each User 1-21,text,true,,160804,2401,100,100,3419,0,36
1486140691873,8008,Post Atividade,200,OK,For Each User 1-94,text,true,,167510,2405,100,100,3056,0,29
1486140691649,8232,Post Atividade,200,OK,For Each User 1-44,text,true,,167510,2401,100,100,3259,0,47
1486140691718,8162,Post Atividade,200,OK,For Each User 1-4,text,true,,167510,2401,100,100,3219,0,35
1486140694327,5555,Post Atividade,200,OK,For Each User 1-8,text,true,,171982,2401,100,100,918,0,372
1486140689540,10348,Post Atividade,200,OK,For Each User 1-54,text,true,,154096,2401,100,100,2174,0,13
1486140691238,9083,Post Atividade,200,OK,For Each User 1-29,text,true,,157450,2405,100,100,3108,0,10
1486140692340,7992,Post Atividade,200,OK,For Each User 1-61,text,true,,145153,2405,100,100,477,0,64
1486140692233,8102,Post Atividade,200,OK,For Each User 1-98,text,true,,167510,2401,100,100,677,0,171
1486140694260,6078,Post Atividade,200,OK,For Each User 1-89,text,true,,165275,2401,100,100,726,0,439
1486140694323,7385,Post Atividade,200,OK,For Each User 1-100,text,true,,167510,2401,100,100,1026,0,377
1486140694777,6933,Post Atividade,200,OK,For Each User 1-86,text,true,,167510,2401,100,100,463,0,9
1486140695965,6145,Post Atividade,200,OK,For Each User 1-3,text,true,,174218,2401,100,100,379,0,24
1486140695780,6464,Post Atividade,200,OK,For Each User 1-63,text,true,,174218,2401,100,100,450,0,19
1486140692646,10748,Post Atividade,200,OK,For Each User 1-27,text,true,,171982,2405,100,100,505,0,28
1486140691471,11925,Post Atividade,200,OK,For Each User 1-55,text,true,,167510,2401,100,100,3426,0,54
1486140694705,8704,Post Atividade,200,OK,For Each User 1-59,text,true,,167510,2401,100,100,660,0,18
1486140696510,6908,Post Atividade,200,OK,For Each User 1-57,text,true,,182043,2401,100,100,684,0,19
1486140696406,7018,Post Atividade,200,OK,For Each User 1-5,text,true,,192105,2401,100,100,1798,0,17
1486140694106,9326,Post Atividade,200,OK,For Each User 1-1,text,true,,192105,2401,100,100,4082,0,31
1486140695562,8241,Post Atividade,200,OK,For Each User 1-25,text,true,,174218,2401,100,100,653,0,16
1486140694555,9251,Post Atividade,200,OK,For Each User 1-11,text,true,,167510,2401,100,100,717,0,146
1486140693014,12971,Post Atividade,200,OK,For Each User 1-80,text,true,,180925,2401,100,100,947,0,22
1486140693632,12370,Post Atividade,200,OK,For Each User 1-31,text,true,,208873,2401,100,100,3593,0,356
1486140693615,12705,Post Atividade,200,OK,For Each User 1-17,text,true,,188751,2401,100,100,4261,0,361
1486140693749,12585,Post Atividade,200,OK,For Each User 1-85,text,true,,192105,2401,100,100,4828,0,250
1486140697778,10349,Post Atividade,200,OK,For Each User 1-48,text,true,,192105,2401,100,100,435,0,12
1486140694348,13788,Post Atividade,200,OK,For Each User 1-36,text,true,,192105,2401,100,100,3873,0,353
1486140694006,14650,Post Atividade,200,OK,For Each User 1-38,text,true,,192105,2401,100,100,4164,0,123
1486140690973,17956,Post Atividade,200,OK,For Each User 1-99,text,true,,174218,2405,100,100,2308,0,13
1486140697531,11400,Post Atividade,200,OK,For Each User 1-45,text,true,,192105,2401,100,100,671,0,12
1486140694120,14815,Post Atividade,200,OK,For Each User 1-60,text,true,,195459,2401,100,100,4799,0,23
1486140694219,14910,Post Atividade,200,OK,For Each User 1-58,text,true,,192105,2401,100,100,4025,0,479
1486140695871,13307,Post Atividade,200,OK,For Each User 1-74,text,true,,174218,2401,100,100,437,0,18
1486140696342,13607,Post Atividade,200,OK,For Each User 1-32,text,true,,223404,2401,100,100,4186,0,27
1486140697056,13275,Post Atividade,200,OK,For Each User 1-2,text,true,,225640,2401,100,100,3657,0,58
1486140693137,17215,Post Atividade,200,OK,For Each User 1-18,text,true,,204402,2401,100,100,3594,0,769
1486140695684,14702,Post Atividade,200,OK,For Each User 1-23,text,true,,223404,2401,100,100,4846,0,19
1486140698423,11969,Post Atividade,200,OK,For Each User 1-33,text,true,,218933,2401,100,100,2013,0,21
1486140696095,14697,Post Atividade,200,OK,For Each User 1-22,text,true,,204402,2401,100,100,614,0,25
1486140700982,9805,Post Atividade,200,OK,For Each User 1-93,text,true,,251352,2401,100,100,2133,0,25
1486140697064,13725,Post Atividade,200,OK,For Each User 1-95,text,true,,225640,2401,100,100,3544,0,50
1486140697822,13087,Post Atividade,200,OK,For Each User 1-73,text,true,,195459,2401,100,100,780,0,22
1486140693542,22299,Post Atividade,200,OK,For Each User 1-53,text,true,,207755,2401,100,100,3673,0,427
1486140700354,15490,Post Atividade,200,OK,For Each User 1-40,text,true,,240173,2401,100,100,1428,0,81
1486140696895,19144,Post Atividade,200,OK,For Each User 1-41,text,true,,225640,2401,100,100,3715,0,9
1486140698241,17814,Post Atividade,200,OK,For Each User 1-26,text,true,,235701,2401,100,100,3024,0,12
1486140698075,18027,Post Atividade,200,OK,For Each User 1-84,text,true,,231230,2401,100,100,2757,0,34
1486140699051,17054,Post Atividade,200,OK,For Each User 1-15,text,true,,237937,2401,100,100,2314,0,68
1486140700391,15718,Post Atividade,200,OK,For Each User 1-92,text,true,,240173,2401,100,100,1404,0,44
1486140699247,17191,Post Atividade,200,OK,For Each User 1-72,text,true,,234583,2401,100,100,1261,0,33
1486140699062,17583,Post Atividade,200,OK,For Each User 1-13,text,true,,234583,2401,100,100,1456,0,64
1486140698780,17867,Post Atividade,200,OK,For Each User 1-12,text,true,,233466,2401,100,100,1654,0,17
1486140699918,17101,Post Atividade,200,OK,For Each User 1-76,text,true,,240173,2401,100,100,1532,0,5
1486140699968,17057,Post Atividade,200,OK,For Each User 1-50,text,true,,240173,2401,100,100,1380,0,4
1486140701553,15508,Post Atividade,200,OK,For Each User 1-9,text,true,,242409,2401,100,100,2387,0,17
1486140701247,15817,Post Atividade,200,OK,For Each User 1-42,text,true,,262531,2405,100,100,2640,0,29
1486140702831,14234,Post Atividade,200,OK,For Each User 1-97,text,true,,260295,2405,100,100,3786,0,40
1486140699506,17627,Post Atividade,200,OK,For Each User 1-49,text,true,,240173,2401,100,100,1853,0,7
1486140697380,19784,Post Atividade,200,OK,For Each User 1-81,text,true,,240173,2401,100,100,3975,0,32
1486140700699,16497,Post Atividade,200,OK,For Each User 1-90,text,true,,254706,2401,100,100,2846,0,32
1486140700143,17095,Post Atividade,200,OK,For Each User 1-68,text,true,,240173,2401,100,100,1628,0,44
1486140700839,16494,Post Atividade,200,OK,For Each User 1-30,text,true,,251352,2401,100,100,2255,0,22
1486140696813,20521,Post Atividade,200,OK,For Each User 1-43,text,true,,225640,2401,100,100,3793,0,8
1486140698919,18466,Post Atividade,200,OK,For Each User 1-56,text,true,,240173,2401,100,100,2382,0,9
1486140703193,14243,Post Atividade,200,OK,For Each User 1-16,text,true,,261413,2405,100,100,4301,0,13
1486140699142,18295,Post Atividade,200,OK,For Each User 1-14,text,true,,234583,2401,100,100,1370,0,105
1486140698943,18529,Post Atividade,200,OK,For Each User 1-62,text,true,,240173,2401,100,100,2436,0,11
1486140703902,13747,Post Atividade,200,OK,For Each User 1-8,text,true,,251352,2401,100,100,2046,0,17
1486140698936,18733,Post Atividade,200,OK,For Each User 1-39,text,true,,232348,2401,100,100,1467,0,9
1486140693433,28066,Post Atividade,200,OK,For Each User 1-70,text,true,,207755,2401,100,100,3761,0,519
1486140702243,19306,Post Atividade,200,OK,For Each User 1-35,text,true,,255824,2401,100,100,4309,0,19
1486140700350,21295,Post Atividade,200,OK,For Each User 1-19,text,true,,240173,2401,100,100,1440,0,85
1486140700805,20841,Post Atividade,200,OK,For Each User 1-83,text,true,,249116,2401,100,100,2168,0,37
1486140697493,24332,Post Atividade,200,OK,For Each User 1-20,text,true,,234583,2401,100,100,3725,0,13
1486140700818,21016,Post Atividade,200,OK,For Each User 1-7,text,true,,249116,2401,100,100,2163,0,25
1486140701214,20621,Post Atividade,200,OK,For Each User 1-65,text,true,,253588,2405,100,100,1941,0,15
1486140700803,21036,Post Atividade,200,OK,For Each User 1-67,text,true,,255824,2401,100,100,2909,0,28
1486140703273,18565,Post Atividade,200,OK,For Each User 1-52,text,true,,263649,2405,100,100,4273,0,13
1486140703094,18774,Post Atividade,200,OK,For Each User 1-77,text,true,,260295,2401,100,100,3633,0,25
1486140697964,23960,Post Atividade,200,OK,For Each User 1-87,text,true,,228994,2401,100,100,2717,0,21
1486140700748,21183,Post Atividade,200,OK,For Each User 1-82,text,true,,251352,2401,100,100,1634,0,23
1486140700510,21422,Post Atividade,200,OK,For Each User 1-75,text,true,,240173,2401,100,100,1419,0,41
1486140701704,20228,Post Atividade,200,OK,For Each User 1-51,text,true,,254706,2401,100,100,2351,0,32
1486140702049,19887,Post Atividade,200,OK,For Each User 1-69,text,true,,260295,2401,100,100,4648,0,41
1486140698010,23927,Post Atividade,200,OK,For Each User 1-46,text,true,,218933,2401,100,100,2426,0,34
1486140700596,21354,Post Atividade,200,OK,For Each User 1-10,text,true,,249116,2401,100,100,1341,0,44
1486140702457,19499,Post Atividade,200,OK,For Each User 1-29,text,true,,260295,2401,100,100,4120,0,28
1486140702991,18977,Post Atividade,200,OK,For Each User 1-66,text,true,,275947,2405,100,100,6436,0,35
1486140704641,17327,Post Atividade,200,OK,For Each User 1-94,text,true,,277065,2401,100,100,4807,0,20
1486140704054,17916,Post Atividade,200,OK,For Each User 1-21,text,true,,261413,2401,100,100,3440,0,14
1486140701250,20723,Post Atividade,200,OK,For Each User 1-28,text,true,,262531,2401,100,100,2639,0,27
1486140702383,19591,Post Atividade,200,OK,For Each User 1-6,text,true,,255824,2401,100,100,4085,0,4
1486140696420,26090,Post Atividade,200,OK,For Each User 1-64,text,true,,265885,2401,100,100,7436,0,13
1486140702008,20518,Post Atividade,200,OK,For Each User 1-78,text,true,,273711,2401,100,100,3918,0,16
1486140708158,15278,Post Atividade,200,OK,For Each User 1-86,text,true,,278183,2401,100,100,1334,0,20
1486140704720,19765,Post Atividade,200,OK,For Each User 1-47,text,true,,279301,2405,100,100,4783,0,21
1486140706408,18081,Post Atividade,200,OK,For Each User 1-100,text,true,,297186,2401,100,100,2266,0,21
1486140705437,19199,Post Atividade,200,OK,For Each User 1-54,text,true,,280419,2401,100,100,5323,0,9
1486140706346,19258,Post Atividade,200,OK,For Each User 1-63,text,true,,280419,2401,100,100,2316,0,20
1486140710507,15143,Post Atividade,200,OK,For Each User 1-80,text,true,,297186,2401,100,100,6237,0,88
1486140705182,21329,Post Atividade,200,OK,For Each User 1-98,text,true,,280419,2401,100,100,4814,0,23
1486140705721,20792,Post Atividade,200,OK,For Each User 1-89,text,true,,280419,2401,100,100,4323,0,8
1486140705244,21270,Post Atividade,200,OK,For Each User 1-71,text,true,,280419,2401,100,100,4735,0,47
1486140702798,23752,Post Atividade,200,OK,For Each User 1-96,text,true,,280419,2405,100,100,3818,0,31
1486140715041,11858,Post Atividade,200,OK,For Each User 1-18,text,true,,301658,2401,100,100,1701,0,24
1486140709350,17592,Post Atividade,200,OK,For Each User 1-55,text,true,,280419,2401,100,100,726,0,10
1486140706114,21701,Post Atividade,200,OK,For Each User 1-24,text,true,,280419,2401,100,100,2507,0,40
1486140714195,13643,Post Atividade,200,OK,For Each User 1-58,text,true,,297186,2401,100,100,2543,0,39
1486140704849,23287,Post Atividade,200,OK,For Each User 1-61,text,true,,301658,2401,100,100,5101,0,18
1486140711784,16910,Post Atividade,200,OK,For Each User 1-48,text,true,,297186,2401,100,100,4939,0,96
1486140706106,22736,Post Atividade,200,OK,For Each User 1-91,text,true,,297186,2401,100,100,2560,0,15
1486140713170,15707,Post Atividade,200,OK,For Each User 1-74,text,true,,301658,2401,100,100,3579,0,63
1486140707169,21968,Post Atividade,200,OK,For Each User 1-3,text,true,,279301,2401,100,100,1533,0,30
1486140714367,14944,Post Atividade,200,OK,For Each User 1-60,text,true,,297186,2401,100,100,2376,0,55
1486140704869,25168,Post Atividade,200,OK,For Each User 1-37,text,true,,301658,2405,100,100,5092,0,47
1486140715406,14649,Post Atividade,200,OK,For Each User 1-33,text,true,,301658,2401,100,100,1340,0,44
1486140709439,21321,Post Atividade,200,OK,For Each User 1-25,text,true,,280419,2401,100,100,790,0,25
1486140715521,15249,Post Atividade,200,OK,For Each User 1-32,text,true,,301658,2401,100,100,1219,0,102
1486140703867,27766,Post Atividade,200,OK,For Each User 1-4,text,true,,297186,2401,100,100,5126,0,21
1486140720186,11742,Post Atividade,200,OK,For Each User 1-72,text,true,,317309,2401,100,100,2497,0,12
1486140708763,23393,Post Atividade,200,OK,For Each User 1-27,text,true,,301658,2401,100,100,8554,0,18
1486140714444,18682,Post Atividade,200,OK,For Each User 1-93,text,true,,297186,2401,100,100,2279,0,39
1486140714679,18460,Post Atividade,200,OK,For Each User 1-45,text,true,,297186,2401,100,100,2060,0,85
1486140704720,28920,Post Atividade,200,OK,For Each User 1-88,text,true,,301658,2405,100,100,5217,0,21
1486140709129,24514,Post Atividade,200,OK,For Each User 1-1,text,true,,301658,2401,100,100,8241,0,13
1486140702258,31427,Post Atividade,200,OK,For Each User 1-34,text,true,,280419,2401,100,100,6057,0,8
1486140703554,30221,Post Atividade,200,OK,For Each User 1-79,text,true,,297186,2401,100,100,5118,0,16
1486140705498,28292,Post Atividade,200,OK,For Each User 1-44,text,true,,280419,2401,100,100,4534,0,29
1486140714673,19580,Post Atividade,200,OK,For Each User 1-23,text,true,,301658,2401,100,100,2074,0,79
1486140715343,18911,Post Atividade,200,OK,For Each User 1-2,text,true,,301658,2401,100,100,1420,0,29
1486140710739,24693,Post Atividade,200,OK,For Each User 1-17,text,true,,328488,2401,100,100,6559,0,169
1486140722243,13530,Post Atividade,200,OK,For Each User 1-76,text,true,,319545,2401,100,100,473,0,25
1486140715808,21039,Post Atividade,200,OK,For Each User 1-99,text,true,,317309,2401,100,100,6925,0,29
1486140719956,16969,Post Atividade,200,OK,For Each User 1-92,text,true,,315074,2401,100,100,2624,0,46
1486140722926,14414,Post Atividade,200,OK,For Each User 1-49,text,true,,325135,2401,100,100,661,0,17
1486140709039,28304,Post Atividade,200,OK,For Each User 1-5,text,true,,301658,2401,100,100,8329,0,8
1486140722435,14921,Post Atividade,200,OK,For Each User 1-26,text,true,,322899,2401,100,100,841,0,38
1486140720965,17154,Post Atividade,200,OK,For Each User 1-97,text,true,,313956,2401,100,100,830,0,10
1486140708218,30311,Post Atividade,200,OK,For Each User 1-59,text,true,,325135,2401,99,99,8384,0,15
1486140722882,15644,Post Atividade,200,OK,For Each User 1-9,text,true,,325135,2401,99,99,539,0,11
1486140710905,27629,Post Atividade,200,OK,For Each User 1-85,text,true,,325135,2401,99,99,5700,0,129
1486140722906,15637,Post Atividade,200,OK,For Each User 1-84,text,true,,326252,2401,99,99,1054,0,18
1486140722366,16477,Post Atividade,200,OK,For Each User 1-62,text,true,,326252,2401,99,99,1497,0,12
1486140715914,24903,Post Atividade,200,OK,For Each User 1-38,text,true,,317309,2401,98,98,6854,0,13
1486140709251,32073,Post Atividade,200,OK,For Each User 1-11,text,true,,301658,2401,98,98,1333,0,28
1486140720866,21217,Post Atividade,200,OK,For Each User 1-30,text,true,,313956,2401,98,98,858,0,9
1486140716336,25940,Post Atividade,200,OK,For Each User 1-73,text,true,,320663,2401,98,98,6997,0,10
1486140726363,15925,Post Atividade,200,OK,For Each User 1-52,text,true,,346375,2401,98,98,1496,0,11
1486140727038,15777,Post Atividade,200,OK,For Each User 1-82,text,true,,346375,2401,97,97,886,0,59
1486140720658,22170,Post Atividade,200,OK,For Each User 1-53,text,true,,316191,2401,97,97,2018,0,9
1486140722174,20674,Post Atividade,200,OK,For Each User 1-39,text,true,,319545,2401,97,97,530,0,30
1486140724683,19479,Post Atividade,200,OK,For Each User 1-70,text,true,,327370,2401,97,97,531,0,31
1486140724091,20410,Post Atividade,200,OK,For Each User 1-14,text,true,,326252,2401,97,97,540,0,24
1486140722468,22042,Post Atividade,200,OK,For Each User 1-43,text,true,,322899,2401,97,97,929,0,22
1486140722261,22265,Post Atividade,200,OK,For Each User 1-12,text,true,,319545,2401,97,97,512,0,18
1486140710672,33869,Post Atividade,200,OK,For Each User 1-31,text,true,,325135,2401,97,97,5903,0,61
1486140726733,17876,Post Atividade,200,OK,For Each User 1-35,text,true,,346375,2401,97,97,1144,0,112
1486140728107,16513,Post Atividade,200,OK,For Each User 1-20,text,true,,357554,2401,97,97,840,0,20
1486140726690,17945,Post Atividade,200,OK,For Each User 1-87,text,true,,355319,2401,97,97,2814,0,63
1486140725434,19971,Post Atividade,200,OK,For Each User 1-6,text,true,,355319,2401,97,97,3928,0,16
1486140715786,30059,Post Atividade,200,OK,For Each User 1-95,text,true,,322899,2401,96,96,7609,0,50
1486140723027,23194,Post Atividade,200,OK,For Each User 1-8,text,true,,326252,2401,96,96,832,0,29
1486140732563,13714,Post Atividade,200,OK,For Each User 1-3,text,true,,385502,2401,95,95,2171,0,16
1486140729089,20173,Post Atividade,200,OK,For Each User 1-86,text,true,,359790,2401,94,94,1770,0,25
1486140728305,20969,Post Atividade,200,OK,For Each User 1-94,text,true,,357554,2401,94,94,645,0,133
1486140729656,19627,Post Atividade,200,OK,For Each User 1-47,text,true,,359790,2405,93,93,450,0,26
1486140725266,24328,Post Atividade,200,OK,For Each User 1-46,text,true,,331842,2401,91,91,716,0,32
1486140727938,21739,Post Atividade,200,OK,For Each User 1-67,text,true,,355319,2401,91,91,854,0,23
1486140721230,29631,Post Atividade,200,OK,For Each User 1-81,text,true,,354201,2401,90,90,7587,0,32
1486140715625,35420,Post Atividade,200,OK,For Each User 1-36,text,true,,345258,2401,90,90,6161,0,15
1486140720660,30449,Post Atividade,200,OK,For Each User 1-56,text,true,,359790,2401,90,90,10207,0,11
1486140716314,34818,Post Atividade,200,OK,For Each User 1-22,text,true,,325135,2401,90,90,7652,0,15
1486140731802,19552,Post Atividade,200,OK,For Each User 1-80,text,true,,375441,2405,90,90,2691,0,15
1486140727037,24363,Post Atividade,200,OK,For Each User 1-65,text,true,,391091,2401,89,89,9583,0,131
1486140731491,19931,Post Atividade,200,OK,For Each User 1-18,text,true,,364262,2405,89,89,1082,0,31
1486140729923,22137,Post Atividade,200,OK,For Each User 1-54,text,true,,359790,2405,88,88,192,0,18
1486140732604,19912,Post Atividade,200,OK,For Each User 1-63,text,true,,375441,2405,88,88,2220,0,11
1486140727292,25286,Post Atividade,200,OK,For Each User 1-28,text,true,,396681,2401,87,87,11203,0,12
1486140739153,13481,Post Atividade,200,OK,For Each User 1-44,text,true,,405624,2401,87,87,3544,0,42
1486140740339,12296,Post Atividade,200,OK,For Each User 1-23,text,true,,405624,2401,87,87,1837,0,41
1486140733221,19481,Post Atividade,200,OK,For Each User 1-60,text,true,,377677,2401,85,85,2454,0,11
1486140733118,19607,Post Atividade,200,OK,For Each User 1-24,text,true,,377677,2401,84,84,2550,0,51
1486140709199,44295,Post Atividade,200,OK,For Each User 1-57,text,true,,301658,2401,83,83,1267,0,12
1486140726476,27025,Post Atividade,200,OK,For Each User 1-75,text,true,,346375,2401,83,83,1404,0,30
1486140721655,31907,Post Atividade,200,OK,For Each User 1-90,text,true,,355319,2401,82,82,7292,0,13
1486140732187,21383,Post Atividade,200,OK,For Each User 1-71,text,true,,375441,2405,81,81,2543,0,29
1486140727038,26953,Post Atividade,200,OK,For Each User 1-21,text,true,,346375,2401,80,80,875,0,53
1486140728813,25184,Post Atividade,200,OK,For Each User 1-77,text,true,,359790,2401,79,79,1239,0,72
1486140734341,19670,Post Atividade,200,OK,For Each User 1-58,text,true,,389973,2401,78,78,2290,0,59
1486140721220,32829,Post Atividade,200,OK,For Each User 1-41,text,true,,355319,2401,77,77,7708,0,42
1486140731724,22610,Post Atividade,200,OK,For Each User 1-96,text,true,,375441,2405,77,77,2758,0,19
1486140721144,33226,Post Atividade,200,OK,For Each User 1-40,text,true,,354201,2401,77,77,7681,0,11
1486140725371,29725,Post Atividade,200,OK,For Each User 1-7,text,true,,331842,2401,76,76,998,0,59
1486140737609,17733,Post Atividade,200,OK,For Each User 1-72,text,true,,395563,2401,75,75,1056,0,16
1486140730882,26042,Post Atividade,200,OK,For Each User 1-98,text,true,,375441,2405,74,74,3632,0,17
1486140720729,36246,Post Atividade,200,OK,For Each User 1-50,text,true,,398917,2401,73,73,8023,0,10
1486140727535,29474,Post Atividade,200,OK,For Each User 1-78,text,true,,394445,2401,72,72,10246,0,21
1486140739056,18168,Post Atividade,200,OK,For Each User 1-17,text,true,,401152,2401,72,72,1891,0,31
1486140738067,19410,Post Atividade,200,OK,For Each User 1-27,text,true,,400034,2401,71,71,1919,0,443
1486140742403,15659,Post Atividade,200,OK,For Each User 1-99,text,true,,412331,2401,70,70,442,0,59
1486140743355,14882,Post Atividade,200,OK,For Each User 1-49,text,true,,414567,2401,69,69,1992,0,11
1486140728181,30246,Post Atividade,200,OK,For Each User 1-29,text,true,,357554,2401,68,68,764,0,41
1486140727267,31325,Post Atividade,200,OK,For Each User 1-10,text,true,,398917,2401,67,67,10438,0,12
1486140726161,32452,Post Atividade,200,OK,For Each User 1-66,text,true,,386620,2401,66,66,1104,0,21
1486140749094,9526,Post Atividade,200,OK,For Each User 1-31,text,true,,425746,2401,66,66,941,0,19
1486140722104,36532,Post Atividade,200,OK,For Each User 1-16,text,true,,355319,2401,65,65,6845,0,16
1486140727152,32506,Post Atividade,200,OK,For Each User 1-83,text,true,,389973,2401,64,64,10500,0,44
1486140721644,38067,Post Atividade,200,OK,For Each User 1-42,text,true,,355319,2401,64,64,7237,0,22
1486140732986,26757,Post Atividade,200,OK,For Each User 1-89,text,true,,375441,2405,63,63,1837,0,16
1486140721149,38647,Post Atividade,200,OK,For Each User 1-15,text,true,,393327,2401,62,62,6777,0,11
1486140735265,24572,Post Atividade,200,OK,For Each User 1-37,text,true,,426863,2401,61,61,1276,0,9
1486140720830,39579,Post Atividade,200,OK,For Each User 1-13,text,true,,400034,2401,60,60,7928,0,9
1486140735226,25309,Post Atividade,200,OK,For Each User 1-32,text,true,,426863,2401,60,60,1319,0,27
1486140720622,40017,Post Atividade,200,OK,For Each User 1-68,text,true,,353083,2401,59,59,7362,0,9
1486140738010,22748,Post Atividade,200,OK,For Each User 1-88,text,true,,398917,2401,58,58,2137,0,498
1486140733763,27231,Post Atividade,200,OK,For Each User 1-61,text,true,,394445,2401,57,57,4889,0,3340
1486140738007,23123,Post Atividade,200,OK,For Each User 1-1,text,true,,400034,2401,56,56,1477,0,500
1486140750041,11395,Post Atividade,200,OK,For Each User 1-43,text,true,,426863,2401,55,55,1072,0,10
1486140727513,33926,Post Atividade,200,OK,For Each User 1-64,text,true,,394445,2401,55,55,10269,0,17
1486140743885,17871,Post Atividade,200,OK,For Each User 1-84,text,true,,414567,2401,54,54,1469,0,26
1486140733437,28412,Post Atividade,200,OK,For Each User 1-48,text,true,,426863,2401,53,53,3082,0,9
1486140733823,28029,Post Atividade,200,OK,For Each User 1-55,text,true,,426863,2401,53,53,2703,0,55
1486140739478,22402,Post Atividade,200,OK,For Each User 1-2,text,true,,401152,2401,51,51,1533,0,25
1486140740414,21632,Post Atividade,200,OK,For Each User 1-76,text,true,,405624,2401,50,50,2240,0,42
1486140727037,35033,Post Atividade,200,OK,For Each User 1-51,text,true,,389973,2401,49,49,9584,0,145
1486140745531,17089,Post Atividade,200,OK,For Each User 1-11,text,true,,417920,2401,49,49,1416,0,34
1486140744083,18799,Post Atividade,200,OK,For Each User 1-26,text,true,,414567,2401,48,48,1288,0,28
1486140739739,23142,Post Atividade,200,OK,For Each User 1-34,text,true,,401152,2401,48,48,1520,0,17
1486140749182,14013,Post Atividade,200,OK,For Each User 1-20,text,true,,426863,2401,46,46,1289,0,62
1486140743934,21355,Post Atividade,200,OK,For Each User 1-9,text,true,,414567,2401,45,45,1414,0,16
1486140742635,22671,Post Atividade,200,OK,For Each User 1-92,text,true,,413449,2401,44,44,2143,0,9
1486140743188,22462,Post Atividade,200,OK,For Each User 1-5,text,true,,414567,2401,43,43,2120,0,26
1486140749985,16865,Post Atividade,200,OK,For Each User 1-70,text,true,,426863,2401,42,42,1135,0,10
1486140733422,33428,Post Atividade,200,OK,For Each User 1-91,text,true,,426863,2401,42,42,3091,0,9
1486140733347,33504,Post Atividade,200,OK,For Each User 1-74,text,true,,426863,2401,42,42,3190,0,27
1486140748235,18617,Post Atividade,200,OK,For Each User 1-73,text,true,,425746,2401,42,42,1795,0,24
1486140746828,20187,Post Atividade,200,OK,For Each User 1-39,text,true,,426863,2401,38,38,4134,0,33
1486140757882,9137,Post Atividade,200,OK,For Each User 1-22,text,true,,434688,2401,38,38,1850,0,126
1486140727100,39924,Post Atividade,200,OK,For Each User 1-19,text,true,,434688,2401,37,37,9525,0,82
1486140747956,19080,Post Atividade,200,OK,For Each User 1-82,text,true,,423510,2401,36,36,1827,0,22
1486140735416,32649,Post Atividade,200,OK,For Each User 1-25,text,true,,430216,2401,35,35,1199,0,11
1486140727037,41123,Post Atividade,200,OK,For Each User 1-69,text,true,,430216,2401,34,34,9583,0,69
1486140730180,37994,Post Atividade,200,OK,For Each User 1-100,text,true,,438041,2405,33,33,12850,0,9
1486140741415,27842,Post Atividade,200,OK,For Each User 1-85,text,true,,412331,2401,32,32,1415,0,69
1486140756680,13568,Post Atividade,200,OK,For Each User 1-54,text,true,,433570,2401,31,31,562,0,10
1486140758457,12709,Post Atividade,200,OK,For Each User 1-57,text,true,,435805,2401,30,30,1581,0,14
1486140758036,13152,Post Atividade,200,OK,For Each User 1-96,text,true,,435805,2401,29,29,1922,0,11
1486140736595,34913,Post Atividade,200,OK,For Each User 1-93,text,true,,438041,2401,28,28,16477,0,12
1486140745066,26456,Post Atividade,200,OK,For Each User 1-38,text,true,,415685,2401,27,27,869,0,16
1486140750078,21531,Post Atividade,200,OK,For Each User 1-87,text,true,,438041,2401,26,26,1219,0,13
1486140752330,19472,Post Atividade,200,OK,For Each User 1-95,text,true,,450339,2401,25,25,10288,0,105
1486140759973,12358,Post Atividade,200,OK,For Each User 1-41,text,true,,438041,2401,24,24,1376,0,20
1486140747460,25163,Post Atividade,200,OK,For Each User 1-53,text,true,,438041,2401,23,23,3549,0,24
1486140750859,22044,Post Atividade,200,OK,For Each User 1-12,text,true,,438041,2401,22,22,2214,0,80
1486140756180,16728,Post Atividade,200,OK,For Each User 1-36,text,true,,433570,2401,22,22,1033,0,15
1486140735326,37585,Post Atividade,200,OK,For Each User 1-4,text,true,,430216,2401,22,22,1237,0,22
1486140757124,15806,Post Atividade,200,OK,For Each User 1-65,text,true,,450339,2401,19,19,5763,0,14
1486140751565,21402,Post Atividade,200,OK,For Each User 1-35,text,true,,450339,2401,18,18,11051,0,19
1486140747275,25707,Post Atividade,200,OK,For Each User 1-30,text,true,,438041,2401,17,17,5714,0,55
1486140739513,33483,Post Atividade,200,OK,For Each User 1-79,text,true,,450339,2401,16,16,23093,0,14
1486140755710,17286,Post Atividade,200,OK,For Each User 1-56,text,true,,450339,2401,16,16,7174,0,14
1486140756022,16988,Post Atividade,200,OK,For Each User 1-28,text,true,,450339,2401,15,15,6860,0,14
1486140763655,9367,Post Atividade,200,OK,For Each User 1-66,text,true,,452575,2401,13,13,2441,0,22
1486140755655,17372,Post Atividade,200,OK,For Each User 1-81,text,true,,450339,2401,13,13,7230,0,17
1486140736289,36753,Post Atividade,200,OK,For Each User 1-33,text,true,,438041,2401,11,11,16787,0,19
1486140762211,10836,Post Atividade,200,OK,For Each User 1-78,text,true,,452575,2401,11,11,673,0,13
1486140737738,35316,Post Atividade,200,OK,For Each User 1-45,text,true,,438041,2401,9,9,23686,0,768
1486140753946,19205,Post Atividade,200,OK,For Each User 1-46,text,true,,450339,2401,8,8,8942,0,19
1486140763965,9360,Post Atividade,200,OK,For Each User 1-83,text,true,,452575,2401,7,7,2132,0,24
1486140742065,31298,Post Atividade,200,OK,For Each User 1-59,text,true,,450339,2401,6,6,20551,0,45
1486140749687,23860,Post Atividade,200,OK,For Each User 1-14,text,true,,450339,2401,5,5,12927,0,12
1486140768230,5374,Post Atividade,200,OK,For Each User 1-51,text,true,,455929,2401,4,4,3542,0,19
1486140765786,8182,Post Atividade,200,OK,For Each User 1-13,text,true,,454811,2401,3,3,1587,0,12
1486140766117,7889,Post Atividade,200,OK,For Each User 1-64,text,true,,454811,2401,2,2,1290,0,11
1486140772155,2343,Post Atividade,200,OK,For Each User 1-19,text,true,,457047,2401,1,1,956,0,12
