Atividade teste 000;00;Tipo Faixa 00001;11;12
Atividade teste 001;10;Tipo Faixa 00101;11;12
Atividade teste 002;10;Tipo Faixa 00201;11;12
Atividade teste 003;10;Tipo Faixa 00301;11;12
Atividade teste 004;10;Tipo Faixa 00401;11;12
Atividade teste 005;10;Tipo Faixa 00501;11;12
Atividade teste 006;10;Tipo Faixa 00601;11;12
Atividade teste 007;10;Tipo Faixa 00701;11;12
Atividade teste 008;10;Tipo Faixa 00801;11;12
Atividade teste 009;10;Tipo Faixa 00901;11;12
Atividade teste 010;00;Tipo Faixa 01001;11;12
Atividade teste 011;10;Tipo Faixa 01101;11;12
Atividade teste 012;10;Tipo Faixa 01201;11;12
Atividade teste 013;10;Tipo Faixa 01301;11;12
Atividade teste 014;10;Tipo Faixa 01401;11;12
Atividade teste 015;10;Tipo Faixa 01501;11;12
Atividade teste 016;10;Tipo Faixa 01601;11;12
Atividade teste 017;10;Tipo Faixa 01701;11;12
Atividade teste 018;10;Tipo Faixa 01801;11;12
Atividade teste 019;10;Tipo Faixa 01901;11;12
Atividade teste 020;00;Tipo Faixa 02001;11;12
Atividade teste 021;10;Tipo Faixa 02101;11;12
Atividade teste 022;10;Tipo Faixa 02201;11;12
Atividade teste 023;10;Tipo Faixa 02301;11;12
Atividade teste 024;10;Tipo Faixa 02401;11;12
Atividade teste 025;10;Tipo Faixa 02501;11;12
Atividade teste 026;10;Tipo Faixa 02601;11;12
Atividade teste 027;10;Tipo Faixa 02701;11;12
Atividade teste 028;10;Tipo Faixa 02801;11;12
Atividade teste 029;10;Tipo Faixa 02901;11;12
Atividade teste 030;00;Tipo Faixa 03001;11;12
Atividade teste 031;10;Tipo Faixa 03101;11;12
Atividade teste 032;10;Tipo Faixa 03201;11;12
Atividade teste 033;10;Tipo Faixa 03301;11;12
Atividade teste 034;10;Tipo Faixa 03401;11;12
Atividade teste 035;10;Tipo Faixa 03501;11;12
Atividade teste 036;10;Tipo Faixa 03601;11;12
Atividade teste 037;10;Tipo Faixa 03701;11;12
Atividade teste 038;10;Tipo Faixa 03801;11;12
Atividade teste 039;10;Tipo Faixa 03901;11;12
Atividade teste 040;00;Tipo Faixa 04001;11;12
Atividade teste 041;10;Tipo Faixa 04101;11;12
Atividade teste 042;10;Tipo Faixa 04201;11;12
Atividade teste 043;10;Tipo Faixa 04301;11;12
Atividade teste 044;10;Tipo Faixa 04401;11;12
Atividade teste 045;10;Tipo Faixa 04501;11;12
Atividade teste 046;10;Tipo Faixa 04601;11;12
Atividade teste 047;10;Tipo Faixa 04701;11;12
Atividade teste 048;10;Tipo Faixa 04801;11;12
Atividade teste 049;10;Tipo Faixa 04901;11;12
Atividade teste 050;00;Tipo Faixa 05001;11;12
Atividade teste 051;10;Tipo Faixa 05101;11;12
Atividade teste 052;10;Tipo Faixa 05201;11;12
Atividade teste 053;10;Tipo Faixa 05301;11;12
Atividade teste 054;10;Tipo Faixa 05401;11;12
Atividade teste 055;10;Tipo Faixa 05501;11;12
Atividade teste 056;10;Tipo Faixa 05601;11;12
Atividade teste 057;10;Tipo Faixa 05701;11;12
Atividade teste 058;10;Tipo Faixa 05801;11;12
Atividade teste 059;10;Tipo Faixa 05901;11;12
Atividade teste 060;00;Tipo Faixa 06001;11;12
Atividade teste 061;10;Tipo Faixa 06101;11;12
Atividade teste 062;10;Tipo Faixa 06201;11;12
Atividade teste 063;10;Tipo Faixa 06301;11;12
Atividade teste 064;10;Tipo Faixa 06401;11;12
Atividade teste 065;10;Tipo Faixa 06501;11;12
Atividade teste 066;10;Tipo Faixa 06601;11;12
Atividade teste 067;10;Tipo Faixa 06701;11;12
Atividade teste 068;10;Tipo Faixa 06801;11;12
Atividade teste 069;10;Tipo Faixa 06901;11;12
Atividade teste 070;00;Tipo Faixa 07001;11;12
Atividade teste 071;10;Tipo Faixa 07101;11;12
Atividade teste 072;10;Tipo Faixa 07201;11;12
Atividade teste 073;10;Tipo Faixa 07301;11;12
Atividade teste 074;10;Tipo Faixa 07401;11;12
Atividade teste 075;10;Tipo Faixa 07501;11;12
Atividade teste 076;10;Tipo Faixa 07601;11;12
Atividade teste 077;10;Tipo Faixa 07701;11;12
Atividade teste 078;10;Tipo Faixa 07801;11;12
Atividade teste 079;10;Tipo Faixa 07901;11;12
Atividade teste 080;00;Tipo Faixa 08001;11;12
Atividade teste 081;10;Tipo Faixa 08101;11;12
Atividade teste 082;10;Tipo Faixa 08201;11;12
Atividade teste 083;10;Tipo Faixa 08301;11;12
Atividade teste 084;10;Tipo Faixa 08401;11;12
Atividade teste 085;10;Tipo Faixa 08501;11;12
Atividade teste 086;10;Tipo Faixa 08601;11;12
Atividade teste 087;10;Tipo Faixa 08701;11;12
Atividade teste 088;10;Tipo Faixa 08801;11;12
Atividade teste 089;10;Tipo Faixa 08901;11;12
Atividade teste 090;00;Tipo Faixa 09001;11;12
Atividade teste 091;10;Tipo Faixa 09101;11;12
Atividade teste 092;10;Tipo Faixa 09201;11;12
Atividade teste 093;10;Tipo Faixa 09301;11;12
Atividade teste 094;10;Tipo Faixa 09401;11;12
Atividade teste 095;10;Tipo Faixa 09501;11;12
Atividade teste 096;10;Tipo Faixa 09601;11;12
Atividade teste 097;10;Tipo Faixa 09701;11;12
Atividade teste 098;10;Tipo Faixa 09801;11;12
Atividade teste 099;10;Tipo Faixa 09901;11;12
Atividade teste 100;00;Tipo Faixa 10001;11;12    
Atividade teste 101;10;Tipo Faixa 10101;11;12    
Atividade teste 102;10;Tipo Faixa 10201;11;12    
Atividade teste 103;10;Tipo Faixa 10301;11;12    
Atividade teste 104;10;Tipo Faixa 10401;11;12    
Atividade teste 105;10;Tipo Faixa 10501;11;12    
Atividade teste 106;10;Tipo Faixa 10601;11;12    
Atividade teste 107;10;Tipo Faixa 10701;11;12    
Atividade teste 108;10;Tipo Faixa 10801;11;12    
Atividade teste 109;10;Tipo Faixa 10901;11;12    
Atividade teste 000;00;Tipo Faixa 00001;11;12
Atividade teste 001;10;Tipo Faixa 00101;11;12
Atividade teste 002;10;Tipo Faixa 00201;11;12
Atividade teste 003;10;Tipo Faixa 00301;11;12
Atividade teste 004;10;Tipo Faixa 00401;11;12
Atividade teste 005;10;Tipo Faixa 00501;11;12
Atividade teste 006;10;Tipo Faixa 00601;11;12
Atividade teste 007;10;Tipo Faixa 00701;11;12
Atividade teste 008;10;Tipo Faixa 00801;11;12
Atividade teste 009;10;Tipo Faixa 00901;11;12
Atividade teste 010;00;Tipo Faixa 01001;11;12
Atividade teste 011;10;Tipo Faixa 01101;11;12
Atividade teste 012;10;Tipo Faixa 01201;11;12
Atividade teste 013;10;Tipo Faixa 01301;11;12
Atividade teste 014;10;Tipo Faixa 01401;11;12
Atividade teste 015;10;Tipo Faixa 01501;11;12
Atividade teste 016;10;Tipo Faixa 01601;11;12
Atividade teste 017;10;Tipo Faixa 01701;11;12
Atividade teste 018;10;Tipo Faixa 01801;11;12
Atividade teste 019;10;Tipo Faixa 01901;11;12
Atividade teste 020;00;Tipo Faixa 02001;11;12
Atividade teste 021;10;Tipo Faixa 02101;11;12
Atividade teste 022;10;Tipo Faixa 02201;11;12
Atividade teste 023;10;Tipo Faixa 02301;11;12
Atividade teste 024;10;Tipo Faixa 02401;11;12
Atividade teste 025;10;Tipo Faixa 02501;11;12
Atividade teste 026;10;Tipo Faixa 02601;11;12
Atividade teste 027;10;Tipo Faixa 02701;11;12
Atividade teste 028;10;Tipo Faixa 02801;11;12
Atividade teste 029;10;Tipo Faixa 02901;11;12
Atividade teste 030;00;Tipo Faixa 03001;11;12
Atividade teste 031;10;Tipo Faixa 03101;11;12
Atividade teste 032;10;Tipo Faixa 03201;11;12
Atividade teste 033;10;Tipo Faixa 03301;11;12
Atividade teste 034;10;Tipo Faixa 03401;11;12
Atividade teste 035;10;Tipo Faixa 03501;11;12
Atividade teste 036;10;Tipo Faixa 03601;11;12
Atividade teste 037;10;Tipo Faixa 03701;11;12
Atividade teste 038;10;Tipo Faixa 03801;11;12
Atividade teste 039;10;Tipo Faixa 03901;11;12
Atividade teste 040;00;Tipo Faixa 04001;11;12
Atividade teste 041;10;Tipo Faixa 04101;11;12
Atividade teste 042;10;Tipo Faixa 04201;11;12
Atividade teste 043;10;Tipo Faixa 04301;11;12
Atividade teste 044;10;Tipo Faixa 04401;11;12
Atividade teste 045;10;Tipo Faixa 04501;11;12
Atividade teste 046;10;Tipo Faixa 04601;11;12
Atividade teste 047;10;Tipo Faixa 04701;11;12
Atividade teste 048;10;Tipo Faixa 04801;11;12
Atividade teste 049;10;Tipo Faixa 04901;11;12
Atividade teste 050;00;Tipo Faixa 05001;11;12
Atividade teste 051;10;Tipo Faixa 05101;11;12
Atividade teste 052;10;Tipo Faixa 05201;11;12
Atividade teste 053;10;Tipo Faixa 05301;11;12
Atividade teste 054;10;Tipo Faixa 05401;11;12
Atividade teste 055;10;Tipo Faixa 05501;11;12
Atividade teste 056;10;Tipo Faixa 05601;11;12
Atividade teste 057;10;Tipo Faixa 05701;11;12
Atividade teste 058;10;Tipo Faixa 05801;11;12
Atividade teste 059;10;Tipo Faixa 05901;11;12
Atividade teste 060;00;Tipo Faixa 06001;11;12
Atividade teste 061;10;Tipo Faixa 06101;11;12
Atividade teste 062;10;Tipo Faixa 06201;11;12
Atividade teste 063;10;Tipo Faixa 06301;11;12
Atividade teste 064;10;Tipo Faixa 06401;11;12
Atividade teste 065;10;Tipo Faixa 06501;11;12
Atividade teste 066;10;Tipo Faixa 06601;11;12
Atividade teste 067;10;Tipo Faixa 06701;11;12
Atividade teste 068;10;Tipo Faixa 06801;11;12
Atividade teste 069;10;Tipo Faixa 06901;11;12
Atividade teste 070;00;Tipo Faixa 07001;11;12
Atividade teste 071;10;Tipo Faixa 07101;11;12
Atividade teste 072;10;Tipo Faixa 07201;11;12
Atividade teste 073;10;Tipo Faixa 07301;11;12
Atividade teste 074;10;Tipo Faixa 07401;11;12
Atividade teste 075;10;Tipo Faixa 07501;11;12
Atividade teste 076;10;Tipo Faixa 07601;11;12
Atividade teste 077;10;Tipo Faixa 07701;11;12
Atividade teste 078;10;Tipo Faixa 07801;11;12
Atividade teste 079;10;Tipo Faixa 07901;11;12
Atividade teste 080;00;Tipo Faixa 08001;11;12
Atividade teste 081;10;Tipo Faixa 08101;11;12
Atividade teste 082;10;Tipo Faixa 08201;11;12
Atividade teste 083;10;Tipo Faixa 08301;11;12
Atividade teste 084;10;Tipo Faixa 08401;11;12
Atividade teste 085;10;Tipo Faixa 08501;11;12
Atividade teste 086;10;Tipo Faixa 08601;11;12
Atividade teste 087;10;Tipo Faixa 08701;11;12
Atividade teste 088;10;Tipo Faixa 08801;11;12
Atividade teste 089;10;Tipo Faixa 08901;11;12
Atividade teste 090;00;Tipo Faixa 09001;11;12
Atividade teste 091;10;Tipo Faixa 09101;11;12
Atividade teste 092;10;Tipo Faixa 09201;11;12
Atividade teste 093;10;Tipo Faixa 09301;11;12
Atividade teste 094;10;Tipo Faixa 09401;11;12
Atividade teste 095;10;Tipo Faixa 09501;11;12
Atividade teste 096;10;Tipo Faixa 09601;11;12
Atividade teste 097;10;Tipo Faixa 09701;11;12
Atividade teste 098;10;Tipo Faixa 09801;11;12
Atividade teste 099;10;Tipo Faixa 09901;11;12
Atividade teste 100;00;Tipo Faixa 10001;11;12    
Atividade teste 101;10;Tipo Faixa 10101;11;12    
Atividade teste 102;10;Tipo Faixa 10201;11;12    
Atividade teste 103;10;Tipo Faixa 10301;11;12    
Atividade teste 104;10;Tipo Faixa 10401;11;12    
Atividade teste 105;10;Tipo Faixa 10501;11;12    
Atividade teste 106;10;Tipo Faixa 10601;11;12    
Atividade teste 107;10;Tipo Faixa 10701;11;12    
Atividade teste 108;10;Tipo Faixa 10801;11;12    
Atividade teste 109;10;Tipo Faixa 10901;11;12    
Atividade teste 000;00;Tipo Faixa 00001;11;12
Atividade teste 001;10;Tipo Faixa 00101;11;12
Atividade teste 002;10;Tipo Faixa 00201;11;12
Atividade teste 003;10;Tipo Faixa 00301;11;12
Atividade teste 004;10;Tipo Faixa 00401;11;12
Atividade teste 005;10;Tipo Faixa 00501;11;12
Atividade teste 006;10;Tipo Faixa 00601;11;12
Atividade teste 007;10;Tipo Faixa 00701;11;12
Atividade teste 008;10;Tipo Faixa 00801;11;12
Atividade teste 009;10;Tipo Faixa 00901;11;12
Atividade teste 010;00;Tipo Faixa 01001;11;12
Atividade teste 011;10;Tipo Faixa 01101;11;12
Atividade teste 012;10;Tipo Faixa 01201;11;12
Atividade teste 013;10;Tipo Faixa 01301;11;12
Atividade teste 014;10;Tipo Faixa 01401;11;12
Atividade teste 015;10;Tipo Faixa 01501;11;12
Atividade teste 016;10;Tipo Faixa 01601;11;12
Atividade teste 017;10;Tipo Faixa 01701;11;12
Atividade teste 018;10;Tipo Faixa 01801;11;12
Atividade teste 019;10;Tipo Faixa 01901;11;12
Atividade teste 020;00;Tipo Faixa 02001;11;12
Atividade teste 021;10;Tipo Faixa 02101;11;12
Atividade teste 022;10;Tipo Faixa 02201;11;12
Atividade teste 023;10;Tipo Faixa 02301;11;12
Atividade teste 024;10;Tipo Faixa 02401;11;12
Atividade teste 025;10;Tipo Faixa 02501;11;12
Atividade teste 026;10;Tipo Faixa 02601;11;12
Atividade teste 027;10;Tipo Faixa 02701;11;12
Atividade teste 028;10;Tipo Faixa 02801;11;12
Atividade teste 029;10;Tipo Faixa 02901;11;12
Atividade teste 030;00;Tipo Faixa 03001;11;12
Atividade teste 031;10;Tipo Faixa 03101;11;12
Atividade teste 032;10;Tipo Faixa 03201;11;12
Atividade teste 033;10;Tipo Faixa 03301;11;12
Atividade teste 034;10;Tipo Faixa 03401;11;12
Atividade teste 035;10;Tipo Faixa 03501;11;12
Atividade teste 036;10;Tipo Faixa 03601;11;12
Atividade teste 037;10;Tipo Faixa 03701;11;12
Atividade teste 038;10;Tipo Faixa 03801;11;12
Atividade teste 039;10;Tipo Faixa 03901;11;12
Atividade teste 040;00;Tipo Faixa 04001;11;12
Atividade teste 041;10;Tipo Faixa 04101;11;12
Atividade teste 042;10;Tipo Faixa 04201;11;12
Atividade teste 043;10;Tipo Faixa 04301;11;12
Atividade teste 044;10;Tipo Faixa 04401;11;12
Atividade teste 045;10;Tipo Faixa 04501;11;12
Atividade teste 046;10;Tipo Faixa 04601;11;12
Atividade teste 047;10;Tipo Faixa 04701;11;12
Atividade teste 048;10;Tipo Faixa 04801;11;12
Atividade teste 049;10;Tipo Faixa 04901;11;12
Atividade teste 050;00;Tipo Faixa 05001;11;12
Atividade teste 051;10;Tipo Faixa 05101;11;12
Atividade teste 052;10;Tipo Faixa 05201;11;12
Atividade teste 053;10;Tipo Faixa 05301;11;12
Atividade teste 054;10;Tipo Faixa 05401;11;12
Atividade teste 055;10;Tipo Faixa 05501;11;12
Atividade teste 056;10;Tipo Faixa 05601;11;12
Atividade teste 057;10;Tipo Faixa 05701;11;12
Atividade teste 058;10;Tipo Faixa 05801;11;12
Atividade teste 059;10;Tipo Faixa 05901;11;12
Atividade teste 060;00;Tipo Faixa 06001;11;12
Atividade teste 061;10;Tipo Faixa 06101;11;12
Atividade teste 062;10;Tipo Faixa 06201;11;12
Atividade teste 063;10;Tipo Faixa 06301;11;12
Atividade teste 064;10;Tipo Faixa 06401;11;12
Atividade teste 065;10;Tipo Faixa 06501;11;12
Atividade teste 066;10;Tipo Faixa 06601;11;12
Atividade teste 067;10;Tipo Faixa 06701;11;12
Atividade teste 068;10;Tipo Faixa 06801;11;12
Atividade teste 069;10;Tipo Faixa 06901;11;12
Atividade teste 070;00;Tipo Faixa 07001;11;12
Atividade teste 071;10;Tipo Faixa 07101;11;12
Atividade teste 072;10;Tipo Faixa 07201;11;12
Atividade teste 073;10;Tipo Faixa 07301;11;12
Atividade teste 074;10;Tipo Faixa 07401;11;12
Atividade teste 075;10;Tipo Faixa 07501;11;12
Atividade teste 076;10;Tipo Faixa 07601;11;12
Atividade teste 077;10;Tipo Faixa 07701;11;12
Atividade teste 078;10;Tipo Faixa 07801;11;12
Atividade teste 079;10;Tipo Faixa 07901;11;12
Atividade teste 080;00;Tipo Faixa 08001;11;12
Atividade teste 081;10;Tipo Faixa 08101;11;12
Atividade teste 082;10;Tipo Faixa 08201;11;12
Atividade teste 083;10;Tipo Faixa 08301;11;12
Atividade teste 084;10;Tipo Faixa 08401;11;12
Atividade teste 085;10;Tipo Faixa 08501;11;12
Atividade teste 086;10;Tipo Faixa 08601;11;12
Atividade teste 087;10;Tipo Faixa 08701;11;12
Atividade teste 088;10;Tipo Faixa 08801;11;12
Atividade teste 089;10;Tipo Faixa 08901;11;12
Atividade teste 090;00;Tipo Faixa 09001;11;12
Atividade teste 091;10;Tipo Faixa 09101;11;12
Atividade teste 092;10;Tipo Faixa 09201;11;12
Atividade teste 093;10;Tipo Faixa 09301;11;12
Atividade teste 094;10;Tipo Faixa 09401;11;12
Atividade teste 095;10;Tipo Faixa 09501;11;12
Atividade teste 096;10;Tipo Faixa 09601;11;12
Atividade teste 097;10;Tipo Faixa 09701;11;12
Atividade teste 098;10;Tipo Faixa 09801;11;12
Atividade teste 099;10;Tipo Faixa 09901;11;12
Atividade teste 100;00;Tipo Faixa 10001;11;12    
Atividade teste 101;10;Tipo Faixa 10101;11;12    
Atividade teste 102;10;Tipo Faixa 10201;11;12    
Atividade teste 103;10;Tipo Faixa 10301;11;12    
Atividade teste 104;10;Tipo Faixa 10401;11;12    
Atividade teste 105;10;Tipo Faixa 10501;11;12    
Atividade teste 106;10;Tipo Faixa 10601;11;12    
Atividade teste 107;10;Tipo Faixa 10701;11;12    
Atividade teste 108;10;Tipo Faixa 10801;11;12    
Atividade teste 109;10;Tipo Faixa 10901;11;12    
Atividade teste 000;00;Tipo Faixa 00001;11;12
Atividade teste 001;10;Tipo Faixa 00101;11;12
Atividade teste 002;10;Tipo Faixa 00201;11;12
Atividade teste 003;10;Tipo Faixa 00301;11;12
Atividade teste 004;10;Tipo Faixa 00401;11;12
Atividade teste 005;10;Tipo Faixa 00501;11;12
Atividade teste 006;10;Tipo Faixa 00601;11;12
Atividade teste 007;10;Tipo Faixa 00701;11;12
Atividade teste 008;10;Tipo Faixa 00801;11;12
Atividade teste 009;10;Tipo Faixa 00901;11;12
Atividade teste 010;00;Tipo Faixa 01001;11;12
Atividade teste 011;10;Tipo Faixa 01101;11;12
Atividade teste 012;10;Tipo Faixa 01201;11;12
Atividade teste 013;10;Tipo Faixa 01301;11;12
Atividade teste 014;10;Tipo Faixa 01401;11;12
Atividade teste 015;10;Tipo Faixa 01501;11;12
Atividade teste 016;10;Tipo Faixa 01601;11;12
Atividade teste 017;10;Tipo Faixa 01701;11;12
Atividade teste 018;10;Tipo Faixa 01801;11;12
Atividade teste 019;10;Tipo Faixa 01901;11;12
Atividade teste 020;00;Tipo Faixa 02001;11;12
Atividade teste 021;10;Tipo Faixa 02101;11;12
Atividade teste 022;10;Tipo Faixa 02201;11;12
Atividade teste 023;10;Tipo Faixa 02301;11;12
Atividade teste 024;10;Tipo Faixa 02401;11;12
Atividade teste 025;10;Tipo Faixa 02501;11;12
Atividade teste 026;10;Tipo Faixa 02601;11;12
Atividade teste 027;10;Tipo Faixa 02701;11;12
Atividade teste 028;10;Tipo Faixa 02801;11;12
Atividade teste 029;10;Tipo Faixa 02901;11;12
Atividade teste 030;00;Tipo Faixa 03001;11;12
Atividade teste 031;10;Tipo Faixa 03101;11;12
Atividade teste 032;10;Tipo Faixa 03201;11;12
Atividade teste 033;10;Tipo Faixa 03301;11;12
Atividade teste 034;10;Tipo Faixa 03401;11;12
Atividade teste 035;10;Tipo Faixa 03501;11;12
Atividade teste 036;10;Tipo Faixa 03601;11;12
Atividade teste 037;10;Tipo Faixa 03701;11;12
Atividade teste 038;10;Tipo Faixa 03801;11;12
Atividade teste 039;10;Tipo Faixa 03901;11;12
Atividade teste 040;00;Tipo Faixa 04001;11;12
Atividade teste 041;10;Tipo Faixa 04101;11;12
Atividade teste 042;10;Tipo Faixa 04201;11;12
Atividade teste 043;10;Tipo Faixa 04301;11;12
Atividade teste 044;10;Tipo Faixa 04401;11;12
Atividade teste 045;10;Tipo Faixa 04501;11;12
Atividade teste 046;10;Tipo Faixa 04601;11;12
Atividade teste 047;10;Tipo Faixa 04701;11;12
Atividade teste 048;10;Tipo Faixa 04801;11;12
Atividade teste 049;10;Tipo Faixa 04901;11;12
Atividade teste 050;00;Tipo Faixa 05001;11;12
Atividade teste 051;10;Tipo Faixa 05101;11;12
Atividade teste 052;10;Tipo Faixa 05201;11;12
Atividade teste 053;10;Tipo Faixa 05301;11;12
Atividade teste 054;10;Tipo Faixa 05401;11;12
Atividade teste 055;10;Tipo Faixa 05501;11;12
Atividade teste 056;10;Tipo Faixa 05601;11;12
Atividade teste 057;10;Tipo Faixa 05701;11;12
Atividade teste 058;10;Tipo Faixa 05801;11;12
Atividade teste 059;10;Tipo Faixa 05901;11;12
Atividade teste 060;00;Tipo Faixa 06001;11;12
Atividade teste 061;10;Tipo Faixa 06101;11;12
Atividade teste 062;10;Tipo Faixa 06201;11;12
Atividade teste 063;10;Tipo Faixa 06301;11;12
Atividade teste 064;10;Tipo Faixa 06401;11;12
Atividade teste 065;10;Tipo Faixa 06501;11;12
Atividade teste 066;10;Tipo Faixa 06601;11;12
Atividade teste 067;10;Tipo Faixa 06701;11;12
Atividade teste 068;10;Tipo Faixa 06801;11;12
Atividade teste 069;10;Tipo Faixa 06901;11;12
Atividade teste 070;00;Tipo Faixa 07001;11;12
Atividade teste 071;10;Tipo Faixa 07101;11;12
Atividade teste 072;10;Tipo Faixa 07201;11;12
Atividade teste 073;10;Tipo Faixa 07301;11;12
Atividade teste 074;10;Tipo Faixa 07401;11;12
Atividade teste 075;10;Tipo Faixa 07501;11;12
Atividade teste 076;10;Tipo Faixa 07601;11;12
Atividade teste 077;10;Tipo Faixa 07701;11;12
Atividade teste 078;10;Tipo Faixa 07801;11;12
Atividade teste 079;10;Tipo Faixa 07901;11;12
Atividade teste 080;00;Tipo Faixa 08001;11;12
Atividade teste 081;10;Tipo Faixa 08101;11;12
Atividade teste 082;10;Tipo Faixa 08201;11;12
Atividade teste 083;10;Tipo Faixa 08301;11;12
Atividade teste 084;10;Tipo Faixa 08401;11;12
Atividade teste 085;10;Tipo Faixa 08501;11;12
Atividade teste 086;10;Tipo Faixa 08601;11;12
Atividade teste 087;10;Tipo Faixa 08701;11;12
Atividade teste 088;10;Tipo Faixa 08801;11;12
Atividade teste 089;10;Tipo Faixa 08901;11;12
Atividade teste 090;00;Tipo Faixa 09001;11;12
Atividade teste 091;10;Tipo Faixa 09101;11;12
Atividade teste 092;10;Tipo Faixa 09201;11;12
Atividade teste 093;10;Tipo Faixa 09301;11;12
Atividade teste 094;10;Tipo Faixa 09401;11;12
Atividade teste 095;10;Tipo Faixa 09501;11;12
Atividade teste 096;10;Tipo Faixa 09601;11;12
Atividade teste 097;10;Tipo Faixa 09701;11;12
Atividade teste 098;10;Tipo Faixa 09801;11;12
Atividade teste 099;10;Tipo Faixa 09901;11;12
Atividade teste 100;00;Tipo Faixa 10001;11;12    
Atividade teste 101;10;Tipo Faixa 10101;11;12    
Atividade teste 102;10;Tipo Faixa 10201;11;12    
Atividade teste 103;10;Tipo Faixa 10301;11;12    
Atividade teste 104;10;Tipo Faixa 10401;11;12    
Atividade teste 105;10;Tipo Faixa 10501;11;12    
Atividade teste 106;10;Tipo Faixa 10601;11;12    
Atividade teste 107;10;Tipo Faixa 10701;11;12    
Atividade teste 108;10;Tipo Faixa 10801;11;12    
Atividade teste 109;10;Tipo Faixa 10901;11;12    
